{"accuracy": [0.36782214045524597, 0.4672619104385376, 0.5302870869636536, 0.5814075469970703, 0.618172287940979, 0.6565126180648804, 0.6689425706863403, 0.7043067216873169, 0.748774528503418, 0.7673319578170776, 0.7827380895614624, 0.8051470518112183, 0.8340336084365845, 0.8441876769065857, 0.8751750588417053, 0.8963585495948792, 0.9096638560295105, 0.9343487620353699, 0.9397758841514587, 0.9504551887512207, 0.9604341983795166, 0.9658613204956055, 0.9677870869636536, 0.9753151535987854, 0.9795168042182922, 0.9732142686843872, 0.9830182194709778, 0.9770658016204834, 0.9726890921592712, 0.9795168042182922, 0.980567216873169, 0.9786414504051208, 0.9721638560295105, 0.9697129130363464, 0.9676120281219482], "loss": [1.4753867387771606, 1.2258107662200928, 1.1153558492660522, 1.0144360065460205, 0.9251872897148132, 0.8561219573020935, 0.7943099141120911, 0.7205389142036438, 0.6492646336555481, 0.5979815721511841, 0.5572847127914429, 0.49116721749305725, 0.4379115104675293, 0.4012628495693207, 0.33458614349365234, 0.28511303663253784, 0.24140624701976776, 0.18932248651981354, 0.17351548373699188, 0.13790059089660645, 0.11747311800718307, 0.09953374415636063, 0.08974924683570862, 0.07834096252918243, 0.05800976976752281, 0.07680383324623108, 0.04959528520703316, 0.06513335555791855, 0.08138182014226913, 0.056046292185783386, 0.057467155158519745, 0.06623752415180206, 0.08430460840463638, 0.09098486602306366, 0.0952562689781189], "precision_4": [0.42798224091529846, 0.5608190894126892, 0.6177948713302612, 0.6752634644508362, 0.7123466730117798, 0.7364046573638916, 0.7380574941635132, 0.7709231972694397, 0.7979444861412048, 0.808952808380127, 0.816747784614563, 0.8372578620910645, 0.8572763204574585, 0.8658762574195862, 0.8915618658065796, 0.9097784757614136, 0.9174540638923645, 0.9402270317077637, 0.9447787404060364, 0.9534965753555298, 0.9635819792747498, 0.9685080647468567, 0.9699525833129883, 0.9761152267456055, 0.980189323425293, 0.974539041519165, 0.9842132925987244, 0.9782570600509644, 0.9738367199897766, 0.9808704853057861, 0.9814067482948303, 0.9791374206542969, 0.9733333587646484, 0.9713733792304993, 0.9692550897598267], "recall_4": [0.2361694723367691, 0.3212535083293915, 0.3658963441848755, 0.42629551887512207, 0.47776609659194946, 0.5428921580314636, 0.5707283020019531, 0.6257002949714661, 0.6796218752861023, 0.7086834907531738, 0.7342436909675598, 0.7718837261199951, 0.8033963441848755, 0.8182772994041443, 0.8564425706863403, 0.8844537734985352, 0.9009103775024414, 0.9280462265014648, 0.9345238208770752, 0.9476540684700012, 0.9588585495948792, 0.963760495185852, 0.9663865566253662, 0.9730392098426819, 0.9788165092468262, 0.9716386795043945, 0.9823179244995117, 0.9767156839370728, 0.9709383845329285, 0.9784663915634155, 0.9795168042182922, 0.9777660965919495, 0.9712885022163391, 0.9683123230934143, 0.9658613204956055], "val_accuracy": [0.22900763154029846, 0.22900763154029846, 0.25190839171409607, 0.512977123260498, 0.6595419645309448, 0.665648877620697, 0.6610686779022217, 0.7083969712257385, 0.7267175316810608, 0.7709923386573792, 0.7862595319747925, 0.8137404322624207, 0.8274809122085571, 0.8335877656936646, 0.8717557191848755, 0.8824427723884583, 0.885496199131012, 0.8519083857536316, 0.9022901058197021, 0.8793892860412598, 0.7923663854598999, 0.8366411924362183, 0.8625954389572144, 0.9160305261611938, 0.8427481055259705, 0.8106870055198669, 0.8671755790710449, 0.6992366313934326, 0.847328245639801, 0.8824427723884583, 0.9190839529037476, 0.8793892860412598, 0.9267175793647766, 0.9404579997062683, 0.8687022924423218], "val_loss": [1.3893866539001465, 1.4041072130203247, 1.4597346782684326, 1.2302014827728271, 0.8859195113182068, 0.8083107471466064, 0.7452980279922485, 0.6810835599899292, 0.6390396952629089, 0.554662823677063, 0.5239274501800537, 0.47086894512176514, 0.41609683632850647, 0.4054781496524811, 0.314215749502182, 0.2912154793739319, 0.30524471402168274, 0.43778616189956665, 0.26732370257377625, 0.3207276165485382, 0.8014642596244812, 0.5132643580436707, 0.41712862253189087, 0.264991819858551, 0.4962575137615204, 0.7238384485244751, 0.7363250255584717, 1.4818496704101562, 0.576911211013794, 0.45370733737945557, 0.3543684482574463, 0.47191670536994934, 0.24323870241641998, 0.18550631403923035, 0.4602259397506714], "val_precision_4": [0.0, 0.0, 0.0, 0.7333333492279053, 0.748826265335083, 0.7267326712608337, 0.7307692170143127, 0.7432674765586853, 0.7719928026199341, 0.7959527969360352, 0.8126036524772644, 0.8360389471054077, 0.8466453552246094, 0.8521462678909302, 0.8866141438484192, 0.8859784007072449, 0.898595929145813, 0.8595678806304932, 0.9075500965118408, 0.8887171745300293, 0.7993779182434082, 0.8421052694320679, 0.87151700258255, 0.9173047542572021, 0.845678985118866, 0.8128834366798401, 0.8678955435752869, 0.6998468637466431, 0.8518518805503845, 0.8824427723884583, 0.9204893112182617, 0.8875192403793335, 0.9295558929443359, 0.9416282773017883, 0.8713178038597107], "val_recall_4": [0.0, 0.0, 0.0, 0.06717557460069656, 0.48702290654182434, 0.5603053569793701, 0.580152690410614, 0.6320610642433167, 0.6564885377883911, 0.7206106781959534, 0.7480915784835815, 0.7862595319747925, 0.8091602921485901, 0.818320631980896, 0.8595420122146606, 0.8778625726699829, 0.8793892860412598, 0.8503816723823547, 0.8992366194725037, 0.8778625726699829, 0.7847328186035156, 0.8305343389511108, 0.8595420122146606, 0.914503812789917, 0.8366411924362183, 0.8091602921485901, 0.8625954389572144, 0.6977099180221558, 0.8427481055259705, 0.8824427723884583, 0.9190839529037476, 0.8793892860412598, 0.9267175793647766, 0.9358778595924377, 0.858015239238739], "learning_rate": [9.999999747378752e-06, 1.1220184205740225e-05, 1.2589253856276628e-05, 1.4125375855655875e-05, 1.5848931070649996e-05, 1.778279329300858e-05, 1.995262391574215e-05, 2.238721208414063e-05, 2.511886486900039e-05, 2.8183829272165895e-05, 3.162277789670043e-05, 3.548133827280253e-05, 3.981071859016083e-05, 4.46683588961605e-05, 5.0118724175263196e-05, 5.62341338081751e-05, 6.30957365501672e-05, 7.079458009684458e-05, 7.943282253108919e-05, 8.912509656511247e-05, 9.999999747378752e-05, 0.00011220184387639165, 0.0001258925476577133, 0.00014125375309959054, 0.00015848931798245758, 0.00017782794020604342, 0.0001995262282434851, 0.00022387212084140629, 0.0002511886414140463, 0.00028183829272165895, 0.0003162277571391314, 0.0003548133827280253, 0.0003981071640737355, 0.00044668358168564737, 0.0005011872272007167]}