{"accuracy": [0.356267511844635, 0.5085784196853638, 0.6531862616539001, 0.7498249411582947, 0.8237044811248779, 0.8650209903717041, 0.8900560140609741, 0.9101890921592712, 0.9238445162773132, 0.9417017102241516, 0.9588585495948792, 0.9690126180648804, 0.974439799785614, 0.9847689270973206, 0.9886204600334167, 0.9905462265014648, 0.9917716979980469, 0.9929971694946289, 0.9956232309341431, 0.9970238208770752], "loss": [1.7113640308380127, 1.14107346534729, 0.8862544894218445, 0.6557502746582031, 0.4824860692024231, 0.37162071466445923, 0.30341723561286926, 0.24963019788265228, 0.21738821268081665, 0.16338910162448883, 0.12047215551137924, 0.08454299718141556, 0.0681777223944664, 0.04404835030436516, 0.035509347915649414, 0.027058089151978493, 0.02380530908703804, 0.017674341797828674, 0.012241141870617867, 0.009781790897250175], "precision_2": [0.3682766258716583, 0.6435681581497192, 0.7615930438041687, 0.8142434358596802, 0.8592008948326111, 0.8895456194877625, 0.9070233106613159, 0.9223563075065613, 0.934179961681366, 0.9474618434906006, 0.9637296795845032, 0.9711470603942871, 0.9774885773658752, 0.9861257672309875, 0.9887915849685669, 0.9915789365768433, 0.9924653768539429, 0.9936930537223816, 0.995622456073761, 0.9971973896026611], "recall_2": [0.23494397103786469, 0.29429271817207336, 0.48879551887512207, 0.6745448112487793, 0.783088207244873, 0.843137264251709, 0.8727241158485413, 0.8963585495948792, 0.9143907427787781, 0.9345238208770752, 0.9536064267158508, 0.9663865566253662, 0.9730392098426819, 0.9830182194709778, 0.9884454011917114, 0.9894958138465881, 0.9915966391563416, 0.9929971694946289, 0.9954481720924377, 0.9966736435890198], "val_accuracy": [0.5358778834342957, 0.6381679177284241, 0.7343511581420898, 0.8030534386634827, 0.8213740587234497, 0.8412213921546936, 0.8625954389572144, 0.8916030526161194, 0.9160305261611938, 0.9374045729637146, 0.9389312863349915, 0.9557251930236816, 0.9587786197662354, 0.9587786197662354, 0.9664121866226196, 0.9679389595985413, 0.970992386341095, 0.9664121866226196, 0.9679389595985413, 0.9770992398262024], "val_loss": [1.0613785982131958, 0.9426047801971436, 0.7362974882125854, 0.5226091742515564, 0.4355074465274811, 0.3770861029624939, 0.3244670331478119, 0.27008360624313354, 0.20762895047664642, 0.17004169523715973, 0.14362673461437225, 0.11906085908412933, 0.10141768306493759, 0.09744058549404144, 0.08703665435314178, 0.08132744580507278, 0.0856577605009079, 0.10270515829324722, 0.10091545432806015, 0.09158105403184891], "val_precision_2": [0.7394958138465881, 0.9007936716079712, 0.8486238718032837, 0.8641975522041321, 0.8638655543327332, 0.868852436542511, 0.8874388337135315, 0.8992125988006592, 0.925000011920929, 0.9453977942466736, 0.9401840567588806, 0.9556574821472168, 0.9602446556091309, 0.9587156176567078, 0.9664121866226196, 0.9679389595985413, 0.9709480404853821, 0.9664121866226196, 0.9679389595985413, 0.9770992398262024], "val_recall_2": [0.26870229840278625, 0.3465648889541626, 0.5648854970932007, 0.7480915784835815, 0.7847328186035156, 0.8091602921485901, 0.8305343389511108, 0.8717557191848755, 0.903816819190979, 0.9251908659934998, 0.9358778595924377, 0.9541984796524048, 0.9587786197662354, 0.9572519063949585, 0.9664121866226196, 0.9679389595985413, 0.9694656729698181, 0.9664121866226196, 0.9679389595985413, 0.9770992398262024], "learning_rate": [9.999999747378752e-06, 1.1220184205740225e-05, 1.2589253856276628e-05, 1.4125375855655875e-05, 1.5848931070649996e-05, 1.778279329300858e-05, 1.995262391574215e-05, 2.238721208414063e-05, 2.511886486900039e-05, 2.8183829272165895e-05, 3.162277789670043e-05, 3.548133827280253e-05, 3.981071859016083e-05, 4.46683588961605e-05, 5.0118724175263196e-05, 5.62341338081751e-05, 6.30957365501672e-05, 7.079458009684458e-05, 7.943282253108919e-05, 8.912509656511247e-05]}