{"accuracy": [0.6486344337463379, 0.8016456365585327, 0.8664215803146362, 0.9072129130363464, 0.9208683371543884, 0.9292716979980469, 0.9346988797187805, 0.9537814855575562, 0.9404761791229248, 0.9520308375358582], "loss": [0.8846731185913086, 0.5142213106155396, 0.36944612860679626, 0.266259104013443, 0.22591421008110046, 0.20629549026489258, 0.19296027719974518, 0.1412203311920166, 0.18293048441410065, 0.14538347721099854], "precision_1": [0.7274227738380432, 0.8276511430740356, 0.8796060085296631, 0.9163097739219666, 0.9296679496765137, 0.9377002716064453, 0.9424652457237244, 0.9582670331001282, 0.9475648999214172, 0.9576766490936279], "recall_1": [0.5400910377502441, 0.7692577242851257, 0.8441876769065857, 0.8989846110343933, 0.9117646813392639, 0.9222689270973206, 0.9262955188751221, 0.9487044811248779, 0.9332982897758484, 0.9467787146568298], "val_accuracy": [0.22900763154029846, 0.22900763154029846, 0.23053434491157532, 0.7603053450584412, 0.5633587837219238, 0.9251908659934998, 0.7496182918548584, 0.8900763392448425, 0.914503812789917, 0.4885496199131012], "val_loss": [1.3941912651062012, 1.4108824729919434, 1.4446638822555542, 0.6956243515014648, 2.2196640968322754, 0.22654542326927185, 1.297098994255066, 0.3270171284675598, 0.29183894395828247, 3.09401273727417], "val_precision_1": [0.0, 0.0, 0.38368579745292664, 0.7944079041481018, 0.5716535449028015, 0.929121732711792, 0.7550702095031738, 0.9001560211181641, 0.9254658222198486, 0.4884437620639801], "val_recall_1": [0.0, 0.0, 0.19389313459396362, 0.7374045848846436, 0.5541984438896179, 0.9206106662750244, 0.7389312982559204, 0.8809160590171814, 0.9099236726760864, 0.48396947979927063], "learning_rate": [0.0010000000474974513, 0.0011220184387639165, 0.001258925418369472, 0.0014125375309959054, 0.0015848932089284062, 0.0017782794311642647, 0.00199526222422719, 0.0022387211211025715, 0.002511886414140463, 0.0028183830436319113]}